Date,Open,High,Low,Close
01-Jan-18,34059.99,34101.13,33766.15,33812.75
02-Jan-18,33913.55,33964.14,33703.37,33812.26
03-Jan-18,33929.61,33998.37,33765.43,33793.38
04-Jan-18,33912.49,33995.4,33802.13,33969.64
05-Jan-18,34021.27,34188.85,34020.84,34153.85
08-Jan-18,34216.33,34385.67,34216.33,34352.79
09-Jan-18,34431.61,34488.03,34343.41,34443.19
10-Jan-18,34538.78,34565.63,34311.63,34433.07
11-Jan-18,34471.48,34558.88,34400.61,34503.49
12-Jan-18,34578.99,34638.42,34342.16,34592.39
15-Jan-18,34687.21,34963.69,34687.21,34843.51
16-Jan-18,34877.71,34936.03,34735.55,34771.05
17-Jan-18,34753.8,35118.61,34700.82,35081.82
18-Jan-18,35366.45,35507.36,35166.44,35260.29
19-Jan-18,35339.11,35542.17,35221.16,35511.58
22-Jan-18,35613.97,35827.7,35544.68,35798.01
23-Jan-18,35868.19,36170.83,35863.98,36139.98
24-Jan-18,36161.62,36268.19,36036.51,36161.64
25-Jan-18,36208.39,36247.02,35823.35,36050.44
29-Jan-18,36106.36,36443.98,36093.36,36283.25
30-Jan-18,36277.12,36291.82,35993.41,36033.73
31-Jan-18,35951.64,36050.69,35818.41,35965.02
01-Feb-18,36048.99,36256.83,35501.74,35906.66
02-Feb-18,35707.6,35738.13,35006.41,35066.75
05-Feb-18,34718.85,34874.17,34520.8,34757.16
06-Feb-18,33753.78,34521.01,33482.81,34195.94
07-Feb-18,34563.3,34666.33,34008.42,34082.71
08-Feb-18,34208.11,34634.35,34108.76,34413.16
09-Feb-18,34002.45,34070.73,33849.65,34005.76
12-Feb-18,34203.34,34351.34,34115.12,34300.47
14-Feb-18,34436.98,34473.43,34028.68,34155.95
15-Feb-18,34207.57,34535.08,34186.01,34297.47
16-Feb-18,34411.24,34508.24,33957.33,34010.76
19-Feb-18,34053.95,34122.96,33554.37,33774.66
20-Feb-18,33913.94,33960.95,33657.89,33703.59
21-Feb-18,33813.83,33911.36,33702.5,33844.86
22-Feb-18,33817.09,33868.74,33691.42,33819.5
23-Feb-18,33832,34167.6,33832,34142.15
26-Feb-18,34225.72,34483.39,34225.72,34445.75
27-Feb-18,34558.56,34610.79,34314.87,34346.39
28-Feb-18,34155.63,34302.74,34076.45,34184.04
01-Mar-18,34141.22,34278.63,34015.79,34046.94
05-Mar-18,34034.28,34034.28,33653.41,33746.78
06-Mar-18,34047.43,34060.13,33209.76,33317.2
07-Mar-18,33279.39,33331.21,32991.14,33033.09
08-Mar-18,33244.52,33439.97,33037.48,33351.57
09-Mar-18,33465.05,33519.49,33256.42,33307.14
12-Mar-18,33468.16,33962.48,33468.16,33917.94
13-Mar-18,33818.22,34077.32,33722.96,33856.78
14-Mar-18,33733.55,33875.15,33580.69,33835.74
15-Mar-18,33843.47,33866.28,33637.28,33685.54
16-Mar-18,33685.86,33691.32,33119.92,33176
19-Mar-18,33268.97,33275.79,32856.54,32923.12
20-Mar-18,32876.48,33102.74,32810.86,32996.76
21-Mar-18,33090.82,33354.93,33070.53,33136.18
22-Mar-18,33206.99,33281.77,32963.31,33006.27
23-Mar-18,32650.89,32720.03,32483.84,32596.54
26-Mar-18,32536.44,33115.41,32515.17,33066.41
27-Mar-18,33172.98,33371.04,33077.13,33174.39
28-Mar-18,33098.09,33104.11,32917.66,32968.68
02-Apr-18,33030.87,33289.34,32997.88,33255.36
03-Apr-18,33197.42,33402.94,33153.83,33370.63
04-Apr-18,33437.52,33505.53,32972.56,33019.07
05-Apr-18,33289.96,33637.46,33267.86,33596.8
06-Apr-18,33608.59,33697.51,33501.37,33626.97
09-Apr-18,33653.61,33846.5,33578.91,33788.54
10-Apr-18,33880.11,33949.98,33813.3,33880.25
11-Apr-18,33970.35,33981.54,33750.74,33940.44
12-Apr-18,33987.55,34177.44,33924.88,34101.13
13-Apr-18,34167.53,34313.14,34103.53,34192.65
16-Apr-18,33944.73,34341.46,33899.34,34305.43
17-Apr-18,34381.8,34434.14,34229.83,34395.06
18-Apr-18,34443.42,34591.81,34270.04,34331.68
19-Apr-18,34403.67,34478.82,34358.91,34427.29
20-Apr-18,34434.14,34487.33,34311.29,34415.58
23-Apr-18,34493.69,34663.95,34259.27,34450.77
24-Apr-18,34491.38,34706.71,34465.49,34616.64
25-Apr-18,34593.17,34631.27,34400.56,34501.27
26-Apr-18,34532.95,34747.97,34505.62,34713.6
27-Apr-18,34747.04,35065.37,34744.73,34969.7
30-Apr-18,35021.2,35213.3,35004,35160.36
02-May-18,35328.91,35357.15,35072.42,35176.42
03-May-18,35257.31,35257.31,35020.08,35103.14
04-May-18,35144.96,35206.55,34847.61,34915.38
07-May-18,34983.59,35259.81,34977.74,35208.14
08-May-18,35349.85,35388.87,35136.01,35216.32
09-May-18,35198.08,35404.83,35134.2,35319.35
10-May-18,35353.96,35500.76,35203.85,35246.27
11-May-18,35287.99,35596.15,35262.06,35535.79
14-May-18,35555.83,35642.72,35456.56,35556.71
15-May-18,35537.85,35993.53,35497.92,35543.94
16-May-18,35452.35,35543.89,35241.63,35387.88
17-May-18,35483.62,35510.01,35087.82,35149.12
18-May-18,35143.59,35163.11,34821.62,34848.3
21-May-18,34873.16,34973.95,34593.82,34616.13
22-May-18,34601.49,34754.6,34550.22,34651.24
23-May-18,34656.63,34668.47,34302.89,34344.91
24-May-18,34404.14,34741.46,34367.83,34663.11
25-May-18,34753.47,35017.93,34700.52,34924.87
28-May-18,35074.32,35240.96,35006.5,35165.48
29-May-18,35213.14,35234.14,34922.18,34949.24
30-May-18,34876.13,35017.45,34735.11,34906.11
31-May-18,35083.81,35416.03,34926.08,35322.38
01-Jun-18,35373.98,35438.22,35177.35,35227.26
04-Jun-18,35503.24,35555.59,34982.25,35011.89
05-Jun-18,35029.45,35073.12,34784.68,34903.21
06-Jun-18,34932.49,35230.54,34896.37,35178.88
07-Jun-18,35278.38,35628.49,35278.38,35463.08
08-Jun-18,35406.47,35484.94,35260,35443.67
11-Jun-18,35472.59,35704.84,35444.49,35483.47
12-Jun-18,35525.3,35743.08,35479.07,35692.52
13-Jun-18,35835.44,35877.41,35715.96,35739.16
14-Jun-18,35743.1,35749.88,35488.55,35599.82
15-Jun-18,35656.26,35675.2,35419.68,35622.14
18-Jun-18,35698.43,35721.55,35518.73,35548.26
19-Jun-18,35552.47,35552.47,35249.06,35286.74
20-Jun-18,35329.61,35571.37,35329.51,35547.33
21-Jun-18,35644.05,35678.69,35396.97,35432.39
22-Jun-18,35428.42,35741.26,35344.49,35689.6
25-Jun-18,35783.75,35806.97,35430.11,35470.35
26-Jun-18,35355.72,35616.64,35338.09,35490.04
27-Jun-18,35543.89,35618.85,35154.21,35217.11
28-Jun-18,35207.19,35282.4,34937.15,35037.64
29-Jun-18,35128.16,35459.05,35099.65,35423.48
02-Jul-18,35545.22,35578.24,35106.57,35264.41
03-Jul-18,35344.21,35445.21,35195.63,35378.6
04-Jul-18,35385.52,35667.31,35309.67,35645.4
05-Jul-18,35703.17,35748.26,35517.79,35574.55
06-Jul-18,35543.66,35799.71,35532.21,35657.86
09-Jul-18,35835.1,35977.37,35779.72,35934.72
10-Jul-18,36068.27,36274.33,36019.63,36239.62
11-Jul-18,36299.26,36362.3,36169.7,36265.93
12-Jul-18,36424.23,36699.53,36422.08,36548.41
13-Jul-18,36635.14,36740.07,36501.61,36541.63
16-Jul-18,36658.71,36658.71,36298.94,36323.77
17-Jul-18,36390.99,36549.55,36261.78,36519.96
18-Jul-18,36722.41,36747.87,36320.92,36373.44
19-Jul-18,36509.08,36515.58,36279.33,36351.23
20-Jul-18,36377.03,36567.34,36335.61,36496.37
23-Jul-18,36501.05,36749.69,36491.83,36718.6
24-Jul-18,36859.39,36902.06,36709.72,36825.1
25-Jul-18,36928.06,36947.18,36803.15,36858.23
26-Jul-18,36928.38,37061.62,36852.53,36984.64
27-Jul-18,37253.86,37368.62,37134.88,37336.85
30-Jul-18,37491.39,37533.5,37292.45,37494.4
31-Jul-18,37534.95,37644.59,37298.75,37606.58
01-Aug-18,37643.87,37711.87,37432.91,37521.62
02-Aug-18,37529.69,37529.69,37128.99,37165.16
03-Aug-18,37327.16,37582.27,37319.61,37556.16
06-Aug-18,37714.7,37805.25,37643.29,37691.89
07-Aug-18,37849.21,37876.87,37586.88,37665.8
08-Aug-18,37756.24,37931.42,37641.4,37887.56
09-Aug-18,37994.51,38076.23,37939.28,38024.37
10-Aug-18,38050.07,38051.45,37815.75,37869.23
13-Aug-18,37693.19,37799.54,37559.26,37644.9
14-Aug-18,37749.59,37932.4,37689.71,37852
16-Aug-18,37796.01,37891.92,37634.13,37663.56
17-Aug-18,37898.6,38022.32,37840.16,37947.88
20-Aug-18,38075.07,38340.69,38050.69,38278.75
21-Aug-18,38360.32,38402.96,38213.87,38285.75
23-Aug-18,38416.65,38487.63,38227.36,38336.76
24-Aug-18,38366.79,38429.5,38172.77,38251.8
27-Aug-18,38472.03,38736.88,38416.73,38694.11
28-Aug-18,38814.76,38938.91,38760.58,38896.63
29-Aug-18,38989.65,38989.65,38679.57,38722.93
30-Aug-18,38796.98,38819.06,38581.83,38690.1
31-Aug-18,38704.84,38838.45,38562.21,38645.07
03-Sep-18,38915.91,38934.35,38270.01,38312.52
04-Sep-18,38460.96,38518.56,38098.6,38157.92
05-Sep-18,38192.95,38250.61,37774.42,38018.31
06-Sep-18,38161.85,38320.96,37912.5,38242.81
07-Sep-18,38314.55,38421.56,38067.22,38389.82
10-Sep-18,38348.39,38354.52,37882.83,37922.17
11-Sep-18,38017.49,38043.27,37361.2,37413.13
12-Sep-18,37546.42,37752.58,37342,37717.96
14-Sep-18,37939.29,38125.62,37859.52,38090.64
17-Sep-18,38027.81,38027.81,37548.93,37585.51
18-Sep-18,37660.19,37745.44,37242.85,37290.67
19-Sep-18,37432.93,37530.63,37062.69,37121.22
21-Sep-18,37278.89,37489.24,35993.64,36841.6
24-Sep-18,36924.72,36945.5,36216.95,36305.02
25-Sep-18,36350.25,36705.79,36064.1,36652.06
26-Sep-18,36936.64,36938.74,36357.93,36542.27
27-Sep-18,36691.93,36711.62,36238.23,36324.17
28-Sep-18,36452.74,36551.86,35985.63,36227.14
01-Oct-18,36274.25,36616.64,35960.65,36526.14
03-Oct-18,36602.85,36602.85,35911.82,35975.63
04-Oct-18,35820.53,35820.53,35022.12,35169.16
05-Oct-18,35097.99,35118.54,34202.22,34376.99
08-Oct-18,34412.36,34636.43,33974.66,34474.38
09-Oct-18,34651.82,34711.68,34233.5,34299.47
10-Oct-18,34493.21,34858.35,34346.5,34760.89
11-Oct-18,34063.82,34325.18,33723.53,34001.15
12-Oct-18,34291.92,34808.42,34279.78,34733.58
15-Oct-18,34971.83,35008.65,34559.98,34865.1
16-Oct-18,35004.33,35215.79,34913.06,35162.48
17-Oct-18,35543.38,35605.43,34727.16,34779.58
19-Oct-18,34563.29,34563.29,34140.32,34315.63
22-Oct-18,34689.39,34748.69,34082.76,34134.38
23-Oct-18,33935.88,34073.92,33742.75,33847.23
24-Oct-18,34203.7,34300.97,33726.07,34033.96
25-Oct-18,33778.6,33838.76,33553.18,33690.09
26-Oct-18,33776.8,33776.8,33291.58,33349.31
29-Oct-18,33549.88,34154.6,33341.8,34067.4
30-Oct-18,34068.92,34176.36,33799.79,33891.13
31-Oct-18,33963.09,34463.38,33587.24,34442.05
01-Nov-18,34650.63,34679.93,34303.38,34431.97
02-Nov-18,34743.95,35190.2,34649.8,35011.65
05-Nov-18,35118.62,35123.41,34811.6,34950.92
06-Nov-18,35076.24,35196.03,34889.72,34991.91
07-Nov-18,35301.88,35302.25,35183.17,35237.68
09-Nov-18,35258.13,35287.29,35011.23,35158.55
12-Nov-18,35287.49,35333.22,34756.8,34812.99
13-Nov-18,34846.19,35187.75,34672.2,35144.49
14-Nov-18,35330.14,35351.88,34986.86,35141.99
15-Nov-18,35145.75,35402,35118.42,35260.54
16-Nov-18,35398.7,35545.85,35324.37,35457.16
19-Nov-18,35647.62,35818.83,35511.1,35774.88
20-Nov-18,35730.77,35731.67,35416.18,35474.51
21-Nov-18,35492.62,35494.25,35112.49,35199.8
22-Nov-18,35282.33,35364.5,34937.98,34981.02
26-Nov-18,35118.09,35397.24,34896.07,35354.08
27-Nov-18,35394.77,35555.16,35262.97,35513.14
28-Nov-18,35635.52,35822.16,35605.34,35716.95
29-Nov-18,35997.29,36253.85,35946.24,36170.41
30-Nov-18,36304.43,36389.22,36082.97,36194.3
03-Dec-18,36396.69,36446.16,36099.68,36241
04-Dec-18,36290.48,36295.84,36036.39,36134.31
05-Dec-18,36035.65,36048.65,35777.81,35884.41
06-Dec-18,35694.25,35707.23,35266.76,35312.13
07-Dec-18,35494.86,35730.05,35378.27,35673.25
10-Dec-18,35204.66,35246.97,34915.77,34959.72
11-Dec-18,34584.13,35207.33,34426.29,35150.01
12-Dec-18,35277.84,35826.58,35167.47,35779.07
13-Dec-18,36024.88,36095.56,35794.51,35929.64
14-Dec-18,35960.19,36019.02,35813.85,35962.93
17-Dec-18,36129.13,36312.31,36123.62,36270.07
18-Dec-18,36226.38,36375.38,36046.52,36347.08
19-Dec-18,36441.46,36554.99,36381.87,36484.33
20-Dec-18,36321.18,36475.52,36202.9,36431.67
21-Dec-18,36449.27,36483.49,35694.74,35742.07
24-Dec-18,35859.66,35910.67,35423.24,35470.15
26-Dec-18,35443.16,35711.26,35010.82,35649.94
27-Dec-18,36002.11,36041.24,35781.95,35807.28
28-Dec-18,35911.99,36194.78,35911.99,36076.72
31-Dec-18,36239.19,36285.46,36033.95,36068.33
01-Jan-19,36161.8,36284.04,35888.62,36254.57
02-Jan-19,36198.13,36236.7,35734.01,35891.52
03-Jan-19,35934.5,35999.66,35475.57,35513.71
04-Jan-19,35590.79,35744.2,35382.08,35695.1
07-Jan-19,35971.18,36076.95,35809.23,35850.16
08-Jan-19,35964.62,36037.35,35753.95,35980.93
09-Jan-19,36181.37,36250.54,35863.29,36212.91
10-Jan-19,36258,36269.31,36070.76,36106.5
11-Jan-19,36191.87,36214.26,35840.6,36009.84
14-Jan-19,36113.27,36124.94,35691.75,35853.56
15-Jan-19,35950.08,36349.31,35950.08,36318.33
16-Jan-19,36370.74,36462.03,36278.61,36321.29
17-Jan-19,36413.6,36468.42,36170.8,36374.08
18-Jan-19,36417.58,36469.98,36218.33,36386.61
21-Jan-19,36467.12,36701.03,36351.77,36578.96
22-Jan-19,36649.92,36650.47,36282.93,36444.64
23-Jan-19,36494.12,36521.47,36037.9,36108.47
24-Jan-19,36146.55,36258.28,35996.68,36195.1
25-Jan-19,36245.77,36474.48,35953.15,36025.54
28-Jan-19,36099.62,36124.26,35565.15,35656.7
29-Jan-19,35716.72,35734.14,35375.51,35592.5
30-Jan-19,35819.67,35850.41,35490.97,35591.25
31-Jan-19,35805.51,36278.13,35740.07,36256.69
01-Feb-19,36311.74,36778.14,36221.32,36469.43
04-Feb-19,36456.22,36622.77,36225.48,36582.74
05-Feb-19,36573.04,36727.83,36495.83,36616.81
06-Feb-19,36714.54,37005.25,36680.88,36975.23
07-Feb-19,37026.56,37172.18,36898.8,36971.09
08-Feb-19,36873.59,36885.58,36480.62,36546.48
11-Feb-19,36585.5,36588.41,36300.48,36395.03
12-Feb-19,36405.72,36465.4,36113.91,36153.62
14-Feb-19,36065.08,36109.1,35799.42,35876.22
15-Feb-19,35985.68,36022.57,35510.97,35808.95
18-Feb-19,35831.18,35912.44,35470.76,35498.44
19-Feb-19,35543.24,35776.04,35287.16,35352.61
20-Feb-19,35564.93,35797.11,35469.49,35756.26
21-Feb-19,35837,35983.07,35707.29,35898.35
22-Feb-19,35906.01,35941.69,35795.79,35871.48
25-Feb-19,35983.8,36242.18,35901.06,36213.38
26-Feb-19,35975.75,36172.52,35714.16,35973.71
27-Feb-19,36138.83,36371.11,35735.33,35905.43
28-Feb-19,36025.72,36085.85,35829.15,35867.44
01-Mar-19,36018.49,36140.67,35952.41,36063.81
05-Mar-19,36141.07,36457.44,35926.94,36442.54
06-Mar-19,36544.86,36666.47,36456.82,36636.1
07-Mar-19,36744.02,36830.25,36590.88,36725.42
08-Mar-19,36753.59,36753.59,36592.93,36671.43
11-Mar-19,36741.57,37106.19,36726.39,37054.1
12-Mar-19,37249.65,37586.63,37230.85,37535.66
13-Mar-19,37608.29,37797.29,37478.87,37752.17
14-Mar-19,37840.64,37907.78,37693.69,37754.89
15-Mar-19,37760.23,38254.77,37760.23,38024.32
18-Mar-19,38132.96,38369.59,37952.1,38095.07
19-Mar-19,38218.59,38396.06,38078.23,38363.47
20-Mar-19,38433.86,38489.81,38316.21,38386.75
22-Mar-19,38452.47,38564.71,38089.36,38164.61
25-Mar-19,38016.76,38016.76,37667.4,37808.91
26-Mar-19,37886.29,38297.7,37800.08,38233.41
27-Mar-19,38372.03,38475.93,38001.34,38132.88
28-Mar-19,38208.3,38593.65,38148.44,38545.72
01-Apr-19,38858.88,39115.57,38808.74,38871.87
02-Apr-19,38988.57,39121.69,38846.96,39056.65
03-Apr-19,39167.05,39270.14,38826.56,38877.12
04-Apr-19,38935.75,38939.35,38581.04,38684.72
05-Apr-19,38839.52,38958.6,38701.04,38862.23
08-Apr-19,38993.6,39041.25,38520.96,38700.53
09-Apr-19,38730.93,38978.99,38598.72,38939.22
10-Apr-19,38898.6,38950.45,38542.28,38585.35
11-Apr-19,38621.58,38649.98,38460.25,38607.01
12-Apr-19,38692.06,38818.87,38554.79,38767.11
15-Apr-19,38805.54,38976.58,38780.08,38905.84
16-Apr-19,39040.3,39364.34,39038.81,39275.64
18-Apr-19,39420.04,39487.45,39083.16,39140.28
22-Apr-19,39158.22,39158.22,38585.65,38645.18
23-Apr-19,38771.27,38832.61,38518.26,38564.88
24-Apr-19,38672.63,39095.35,38571,39054.68
25-Apr-19,39101.78,39262.22,38663.98,38730.86
26-Apr-19,38865.83,39103.16,38765.33,39067.33
30-Apr-19,39056.92,39105.88,38753.46,39031.55
02-May-19,39036.51,39189.95,38882.99,38981.43
03-May-19,39009.55,39172.76,38920.17,38963.26
06-May-19,38719.33,38719.33,38509.79,38600.34
07-May-19,38815.46,38835.54,38236.18,38276.63
08-May-19,38244.18,38248.57,37743.07,37789.13
09-May-19,37747.91,37780.46,37405.4,37558.91
10-May-19,37632.36,37721.98,37370.39,37462.99
13-May-19,37491.3,37583.57,36999.84,37090.82
14-May-19,37146.58,37572.7,36956.1,37318.53
15-May-19,37539.05,37559.67,37047.87,37114.88
16-May-19,37179.13,37518.94,37052.3,37393.48
17-May-19,37494.42,38001.13,37415.36,37930.77
20-May-19,38701.18,39412.56,38570.04,39352.67
21-May-19,39449.45,39571.73,38884.85,38969.8
22-May-19,39086.21,39249.08,38903.87,39110.21
23-May-19,39591.77,40124.96,38651.61,38811.39
24-May-19,39076.28,39476.97,38824.26,39434.72
27-May-19,39536.23,39821.94,39353.16,39683.29
28-May-19,39765.64,39828.65,39498.65,39749.73
29-May-19,39714.27,39767.93,39420.5,39502.05
30-May-19,39580.28,39911.92,39500.56,39831.97
31-May-19,39998.91,40122.34,39374.24,39714.2
03-Jun-19,39806.86,40308.9,39711.02,40267.62
04-Jun-19,40196,40312.07,40031.05,40083.54
06-Jun-19,40136.43,40159.26,39481.15,39529.72
07-Jun-19,39581.77,39703.1,39279.47,39615.9
10-Jun-19,39787.33,39979.48,39619.97,39784.52
11-Jun-19,39900.45,40066.31,39760.02,39950.46
12-Jun-19,39974.18,39982.1,39623.53,39756.81
13-Jun-19,39679.35,39800.81,39461.27,39741.36
14-Jun-19,39797,39799.9,39363.45,39452.07
17-Jun-19,39514.36,39540.42,38911.49,38960.79
18-Jun-19,39056.98,39167.83,38870.96,39046.34
19-Jun-19,39176.56,39435.8,38881.05,39112.74
20-Jun-19,39042.96,39638.64,38933.78,39601.63
21-Jun-19,39608.25,39617.95,39121.3,39194.49
24-Jun-19,39160.23,39300.02,39021.7,39122.96
25-Jun-19,39131.94,39490.64,38946.04,39434.94
26-Jun-19,39379.13,39674.22,39319.64,39592.08
27-Jun-19,39633.97,39817.22,39510.44,39586.41
28-Jun-19,39630.52,39675.25,39361.92,39394.64
01-Jul-19,39543.73,39764.82,39541.09,39686.5
02-Jul-19,39811.68,39838.49,39499.19,39816.48
03-Jul-19,39907.57,39934.99,39732.38,39839.25
04-Jul-19,39917.65,39979.1,39858.33,39908.06
05-Jul-19,39990.4,40032.41,39441.38,39513.39
08-Jul-19,39476.38,39476.38,38605.48,38720.57
09-Jul-19,38754.47,38814.23,38435.87,38730.82
10-Jul-19,38701.99,38854.85,38474.66,38557.04
11-Jul-19,38751.62,38892.5,38631.31,38823.11
12-Jul-19,38941.1,39021.84,38684.85,38736.23
15-Jul-19,39009.95,39023.97,38696.6,38896.71
16-Jul-19,38961.86,39173.89,38845.27,39131.04
17-Jul-19,39171.1,39284.73,39081.14,39215.64
18-Jul-19,39204.47,39204.47,38861.25,38897.46
19-Jul-19,39058.73,39058.73,38271.35,38337.01
22-Jul-19,38333.52,38333.52,37890.32,38031.13
23-Jul-19,38138.56,38217.81,37898.9,37982.74
24-Jul-19,37990.23,38102.84,37708.41,37847.65
25-Jul-19,37935.02,38169.87,37775.51,37830.98
26-Jul-19,37831.18,37978.07,37690.47,37882.79
29-Jul-19,38043.22,38043.22,37519.16,37686.37
30-Jul-19,37735.54,37950.21,37359.03,37397.24
31-Jul-19,37257.55,37576.37,37128.26,37481.12
01-Aug-19,37387.18,37387.18,36694.18,37018.32
02-Aug-19,36920.11,37375.16,36607.41,37118.22
05-Aug-19,36842.17,36844.05,36416.79,36699.84
06-Aug-19,36568.03,37241.77,36536.59,36976.85
07-Aug-19,37025.27,37104.79,36610.57,36690.5
08-Aug-19,36808.01,37405.48,36655.41,37327.36
09-Aug-19,37521.3,37807.55,37406.26,37581.91
13-Aug-19,37755.16,37755.16,36888.49,36958.16
14-Aug-19,37233.5,37473.61,37000.77,37311.53
16-Aug-19,37383,37444.45,36974.41,37350.33
19-Aug-19,37485.92,37718.88,37358.49,37402.49
20-Aug-19,37441.75,37511.55,37219.9,37328.01
21-Aug-19,37298.73,37406.55,37022.52,37060.37
22-Aug-19,37087.58,37087.58,36391.35,36472.93
23-Aug-19,36387.68,36807.34,36102.35,36701.16
26-Aug-19,37363.95,37544.48,36492.65,37494.12
27-Aug-19,37658.48,37731.51,37449.69,37641.27
28-Aug-19,37655.77,37687.82,37249.19,37451.84
29-Aug-19,37381.8,37381.8,36987.35,37068.93
30-Aug-19,37222.26,37397.97,36829.81,37332.79
03-Sep-19,37181.76,37188.38,36466.01,36562.91
04-Sep-19,36575.24,36776.31,36409.54,36724.74
05-Sep-19,36821.71,36898.99,36541.88,36644.42
06-Sep-19,36785.59,37012.98,36727.66,36981.77
09-Sep-19,36969.48,37244.08,36784.47,37145.45
11-Sep-19,37251.03,37343.46,37193.57,37270.82
12-Sep-19,37330.47,37435.15,37048.67,37104.28
13-Sep-19,37175.86,37413.5,37000.09,37384.99
16-Sep-19,37204.56,37302.06,37028.94,37123.31
17-Sep-19,37169.46,37169.56,36419.09,36481.09
18-Sep-19,36621.38,36712.99,36465.92,36563.88
19-Sep-19,36613.93,36613.93,35987.8,36093.47
20-Sep-19,36214.92,38378.02,36085.74,38014.62
23-Sep-19,38844,39441.12,38674.04,39090.03
24-Sep-19,39135.28,39306.37,38913.06,39097.14
25-Sep-19,39087.2,39087.2,38510.97,38593.52
26-Sep-19,38700.48,39158.07,38676.11,38989.74
27-Sep-19,39003.13,39107.37,38782.6,38822.57
30-Sep-19,38873.12,38873.12,38401.09,38667.33
01-Oct-19,38813.48,38923.78,37929.89,38305.41
03-Oct-19,38137.87,38310.93,37957.56,38106.87
04-Oct-19,38401.49,38403.54,37633.36,37673.31
07-Oct-19,37853.8,37919.47,37480.53,37531.98
09-Oct-19,37628.05,38209.84,37415.83,38177.95
10-Oct-19,38130.23,38130.23,37802.93,37880.4
11-Oct-19,37994.48,38345.41,37737.85,38127.08
14-Oct-19,38208.24,38513.69,38066.13,38214.47
15-Oct-19,38316.49,38635.19,38238.27,38506.09
16-Oct-19,38637.05,38666.38,38416.67,38598.99
17-Oct-19,38647.44,39104.69,38557.43,39052.06
18-Oct-19,39087.83,39361.06,38963.6,39298.38
22-Oct-19,39233.4,39426.47,38924.85,38963.84
23-Oct-19,39063.84,39196.67,38866.08,39058.83
24-Oct-19,39223.01,39327.15,38840.76,39020.39
25-Oct-19,39201.67,39241.61,38718.27,39058.06
27-Oct-19,39397.37,39402.23,39180.39,39250.2
29-Oct-19,39293.49,39917.01,39254.12,39831.84
30-Oct-19,40055.63,40178.12,39805.11,40051.87
31-Oct-19,40211.99,40392.22,40054.89,40129.05
01-Nov-19,40196.07,40283.3,40014.23,40165.03
04-Nov-19,40293.85,40483.21,40186.29,40301.96
05-Nov-19,40445.67,40466.55,40053.55,40248.23
06-Nov-19,40311.85,40606.91,40037.53,40469.78
07-Nov-19,40625.64,40688.27,40421.07,40653.74
08-Nov-19,40630.56,40749.33,40263.94,40323.61
11-Nov-19,40316.5,40417.44,40150.97,40345.08
13-Nov-19,40346.43,40447.17,40061.23,40116.06
14-Nov-19,40178.93,40348.61,40026.99,40286.48
15-Nov-19,40408.2,40650.06,40308.09,40356.69
18-Nov-19,40431.08,40542.4,40221.97,40284.19
19-Nov-19,40455.36,40544.13,40290.21,40469.7
20-Nov-19,40729.8,40816.38,40575.96,40651.64
21-Nov-19,40737.31,40744.85,40534.12,40575.17
22-Nov-19,40653.17,40653.17,40276.83,40359.41
25-Nov-19,40439.66,40931.71,40393.9,40889.23
26-Nov-19,41022.85,41120.28,40710.2,40821.3
27-Nov-19,40979.39,41075.76,40848.7,41020.61
28-Nov-19,41161.54,41163.79,40996.08,41130.17
29-Nov-19,41138.26,41143.22,40664.18,40793.81
02-Dec-19,41072.94,41093.99,40707.63,40802.17
03-Dec-19,40852.61,40885.03,40554.04,40675.45
04-Dec-19,40606.01,40886.87,40475.83,40850.29
05-Dec-19,40988.14,41002.41,40720.17,40779.59
06-Dec-19,40952.13,40952.13,40337.53,40445.15
09-Dec-19,40527.24,40645.63,40336.56,40487.43
10-Dec-19,40588.81,40588.81,40208.7,40239.88
11-Dec-19,40285.2,40466.13,40135.37,40412.57
12-Dec-19,40561.34,40712.65,40490.69,40581.71
13-Dec-19,40754.82,41055.8,40736.7,41009.71
16-Dec-19,41168.85,41185.03,40917.93,40938.72
17-Dec-19,41052.36,41401.65,41005.18,41352.17
18-Dec-19,41442.75,41614.77,41358.47,41558.57
19-Dec-19,41571.82,41719.29,41456.4,41673.92
20-Dec-19,41746.2,41809.96,41636.11,41681.54
23-Dec-19,41548.26,41701.62,41474.61,41642.66
24-Dec-19,41684.51,41702.98,41423.07,41461.26
26-Dec-19,41543.8,41543.8,41132.89,41163.76
27-Dec-19,41297.08,41611.27,41264.92,41575.14
30-Dec-19,41686.27,41714.73,41453.38,41558
31-Dec-19,41607.49,41607.49,41184.73,41253.74
01-Jan-20,41349.36,41443.52,41251.18,41306.02
02-Jan-20,41340.27,41649.29,41328.45,41626.64
03-Jan-20,41634.51,41636.18,41348.68,41464.61
06-Jan-20,41378.34,41378.34,40613.96,40676.63
07-Jan-20,40983.04,41230.14,40727.37,40869.47
08-Jan-20,40574.83,40866.36,40476.55,40817.74
09-Jan-20,41216.67,41482.12,41175.72,41452.35
10-Jan-20,41568.2,41775.11,41447.8,41599.72
13-Jan-20,41788.21,41899.63,41720.76,41859.69
14-Jan-20,41883.09,41994.26,41770.9,41952.63
15-Jan-20,41969.86,41969.86,41648.11,41872.73
16-Jan-20,41924.74,42059.45,41812.28,41932.56
17-Jan-20,41929.02,42063.93,41850.29,41945.37
20-Jan-20,42263,42273.87,41503.37,41528.91
21-Jan-20,41487.57,41532.59,41294.3,41323.81
22-Jan-20,41467.13,41532.29,41059.04,41115.38
23-Jan-20,41191.5,41413.96,41098.91,41386.4
24-Jan-20,41377.04,41697.03,41275.6,41613.19
27-Jan-20,41510.68,41516.27,41122.48,41155.12
28-Jan-20,41299.68,41333.25,40869.75,40966.86
29-Jan-20,41131.57,41334.86,41108.19,41198.66
30-Jan-20,41380.14,41380.14,40829.91,40913.82
31-Jan-20,41146.56,41154.49,40671.01,40723.49
03-Feb-20,39701.02,40014.9,39563.07,39872.31
04-Feb-20,40178.74,40818.94,40117.46,40789.38
05-Feb-20,40921.71,41177,40703.32,41142.66
06-Feb-20,41209.13,41405.43,41113.11,41306.03
07-Feb-20,41394.41,41394.41,41073.36,41141.85
10-Feb-20,41166.72,41172.06,40798.98,40979.62
11-Feb-20,41183.39,41444.34,41179.14,41216.14
12-Feb-20,41330.85,41671.86,41330.85,41565.9
13-Feb-20,41707.21,41709.3,41338.31,41459.79
14-Feb-20,41510.19,41702.36,41183.13,41257.74
17-Feb-20,41324.04,41420.34,41030.58,41055.69
18-Feb-20,41042.46,41042.46,40610.95,40894.38
19-Feb-20,41121.51,41357.16,41048.93,41323
20-Feb-20,41334.96,41399.93,41134.31,41170.12
24-Feb-20,41037.01,41037.01,40306.36,40363.23
25-Feb-20,40497.72,40536,40220.59,40281.2
26-Feb-20,40194.89,40255.39,39760.39,39888.96
27-Feb-20,39947.8,39947.8,39423.27,39745.66
28-Feb-20,39087.47,39087.47,38219.97,38297.29
02-Mar-20,38910.95,39083.17,37785.99,38144.02
03-Mar-20,38480.89,38754.24,38142.3,38623.7
04-Mar-20,38715.72,38791.7,37846.1,38409.48
05-Mar-20,38604.25,38887.8,38386.68,38470.61
06-Mar-20,37613.96,37747.07,37011.09,37576.62
09-Mar-20,36950.2,36950.2,35109.18,35634.95
11-Mar-20,35468.9,36021.51,35261.92,35697.4
12-Mar-20,34472.5,34472.5,32493.1,32778.14
13-Mar-20,31214.13,34769.48,29388.97,34103.48
16-Mar-20,33103.24,33103.24,31276.3,31390.07
17-Mar-20,31611.57,32047.98,30394.94,30579.09
18-Mar-20,30968.84,31101.77,28613.05,28869.51
19-Mar-20,27773.36,29370.53,26714.46,28288.23
20-Mar-20,28460.82,30418.2,27932.67,29915.96
23-Mar-20,27608.8,27900.83,25880.83,25981.24
24-Mar-20,27056.23,27462.87,25638.9,26674.03
25-Mar-20,26499.81,28790.19,26359.91,28535.78
26-Mar-20,29073.71,30099.91,28566.34,29946.77
27-Mar-20,30747.81,31126.03,29346.99,29815.59
30-Mar-20,29226.55,29497.57,28290.99,28440.32
31-Mar-20,29294.94,29770.88,28667.36,29468.49
01-Apr-20,29505.33,29505.98,28073.43,28265.31
03-Apr-20,28623.53,28639.12,27500.79,27590.95
07-Apr-20,28898.36,30157.65,28602.31,30067.21
08-Apr-20,29701.92,31227.97,29602.94,29893.96
09-Apr-20,30571.19,31225.2,30420.22,31159.62
13-Apr-20,31195.72,31195.72,30474.15,30690.02
15-Apr-20,31277.11,31568.36,30222.07,30379.81
16-Apr-20,30095.51,30800.2,30016.17,30602.61
17-Apr-20,31656.68,31718.73,30960.94,31588.72
20-Apr-20,32056.19,32056.47,31490.26,31648
21-Apr-20,30836.19,30900.12,30378.26,30636.71
22-Apr-20,30856.14,31471.14,30578.55,31379.55
23-Apr-20,31646.45,31959.02,31292.92,31863.08
24-Apr-20,31426.62,31842.24,31278.27,31327.22
27-Apr-20,31659.04,32103.7,31651.58,31743.08
28-Apr-20,32101.91,32199.91,31661.34,32114.52
29-Apr-20,32311.04,32897.59,32171.65,32720.16
30-Apr-20,33381.19,33887.25,33354.93,33717.62
04-May-20,32748.14,32748.14,31632.02,31715.35
05-May-20,32182.9,32264,31403.57,31453.51
06-May-20,31577.63,31970.84,31158.75,31685.75
07-May-20,31677.69,31705.25,31362.87,31443.38
08-May-20,32083.32,32088.51,31598,31642.7
11-May-20,32030.34,32301.58,31500.87,31561.22
12-May-20,31342.93,31536.89,30844.66,31371.12
13-May-20,32841.87,32845.48,31901.92,32008.61
14-May-20,31466.33,31630.94,31052.65,31122.89
15-May-20,31296.28,31296.28,30770.48,31097.73
18-May-20,31248.26,31248.26,29968.45,30028.98
19-May-20,30450.74,30739.96,30116.82,30196.17
20-May-20,30159.59,30878.31,30157.75,30818.61
21-May-20,30904.29,31188.79,30765.32,30932.9
22-May-20,30822.78,31107.91,30474.88,30672.59
26-May-20,30864.27,31086.7,30512.14,30609.3
27-May-20,30793.11,31660.6,30525.68,31605.22
28-May-20,31827.8,32267.23,31641.77,32200.59
29-May-20,32041.29,32480.52,31823.8,32424.1
01-Jun-20,32906.05,33673.83,32876.55,33303.52
02-Jun-20,33450.19,33866.63,33301.29,33825.53
03-Jun-20,34185.41,34488.69,34027.5,34109.54
04-Jun-20,34072.5,34310.14,33711.24,33980.7
05-Jun-20,34198.55,34405.43,33958.02,34287.24
08-Jun-20,34841.17,34927.8,34211.83,34370.58
09-Jun-20,34520.79,34811.29,33881.19,33956.69
10-Jun-20,34029.14,34350.17,33949.46,34247.05
11-Jun-20,34214.69,34219.39,33480.42,33538.37
12-Jun-20,32436.69,33856.27,32348.1,33780.89
15-Jun-20,33670.55,33670.55,32923.74,33228.8
16-Jun-20,33853.72,34022.01,32953.3,33605.22
17-Jun-20,33438.31,33933.66,33332.96,33507.92
18-Jun-20,33371.52,34276.01,33371.52,34208.05
19-Jun-20,34335.38,34848.37,34136.39,34731.73
22-Jun-20,34892.03,35213.52,34794.4,34911.32
23-Jun-20,35015.73,35482.16,34843.69,35430.43
24-Jun-20,35679.74,35706.55,34794.93,34868.98
25-Jun-20,34525.39,35081.61,34499.78,34842.1
26-Jun-20,35144.78,35254.88,34910.34,35171.27
29-Jun-20,34926.95,35032.36,34662.06,34961.52
30-Jun-20,35168.3,35233.91,34812.8,34915.8
01-Jul-20,35009.59,35467.23,34927.2,35414.45
02-Jul-20,35604,36014.92,35595.36,35843.7
03-Jul-20,36025.38,36110.21,35872.38,36021.42
06-Jul-20,36313.46,36661.66,36254.02,36487.28
07-Jul-20,36660.35,36723.27,36271.09,36674.52
08-Jul-20,36738.38,36828.43,36234.17,36329.01
09-Jul-20,36450.69,36806.3,36422.3,36737.69
10-Jul-20,36555.13,36748.89,36401.11,36594.33
13-Jul-20,36880.66,37024.2,36533.96,36693.69
14-Jul-20,36517.28,36538.1,35877.42,36033.06
15-Jul-20,36314.76,36810.25,35894.96,36051.81
16-Jul-20,36401.2,36524.62,36038.41,36471.68
17-Jul-20,36547.75,37125.98,36512.92,37020.14
20-Jul-20,37409.03,37478.87,37185.78,37418.99
21-Jul-20,37823.61,37990.55,37742.05,37930.33
22-Jul-20,38178.07,38199.27,37601.62,37871.52
23-Jul-20,37814.92,38225.03,37738.59,38140.47
24-Jul-20,37949.59,38235.73,37748.41,38128.9
27-Jul-20,38275.34,38275.34,37769.44,37934.73
28-Jul-20,38052.18,38554.72,37998.13,38492.95
29-Jul-20,38427.15,38617.03,37884.41,38071.13
30-Jul-20,38262.83,38413.81,37678.42,37736.07
31-Jul-20,37847.88,37897.78,37431.68,37606.89
03-Aug-20,37595.73,37596.02,36911.23,36939.6
04-Aug-20,37092.86,37745.6,36987.73,37687.91
05-Aug-20,37892.36,38139.96,37550.6,37663.33
06-Aug-20,37946.8,38221.4,37755.1,38025.45
07-Aug-20,37951.07,38109.68,37787.38,38040.57
10-Aug-20,38168.42,38430.69,38073.29,38182.08
11-Aug-20,38371.34,38556.27,38313.06,38407.01
12-Aug-20,38321.13,38414.37,38125.81,38369.63
13-Aug-20,38456.64,38516.85,38215.05,38310.49
14-Aug-20,38432.94,38540.57,37654.92,37877.34
17-Aug-20,38062.07,38119.38,37734.14,38050.78
18-Aug-20,38084.7,38571.23,38062.01,38528.32
19-Aug-20,38727.89,38788.51,38550.65,38614.79
20-Aug-20,38283.9,38402.45,38155.78,38220.39
21-Aug-20,38471.93,38579.83,38411.37,38434.72
24-Aug-20,38566.96,38894.94,38545.76,38799.08
25-Aug-20,38948.46,39008.89,38679.67,38843.88
26-Aug-20,38930.18,39111.55,38765.09,39073.92
27-Aug-20,39293.53,39326.98,39046.94,39113.47
28-Aug-20,39264.48,39579.58,39235.03,39467.31
31-Aug-20,39888.15,40010.17,38395.89,38628.29
01-Sep-20,38754,39226.82,38542.11,38900.8
02-Sep-20,38892.64,39141.84,38736.22,39086.03
03-Sep-20,39165.8,39236.36,38943.43,38990.94
04-Sep-20,38325,38729.66,38249.77,38357.18
07-Sep-20,38284.78,38519.92,38060.74,38417.23
08-Sep-20,38498.07,38746.48,38275.45,38365.35
09-Sep-20,37988.56,38252.67,37935.26,38193.92
10-Sep-20,38516.88,38878.25,38367.07,38840.32
11-Sep-20,38865.17,38978.52,38711.8,38854.55
14-Sep-20,39073.51,39230.16,38573.17,38756.63
15-Sep-20,38904.67,39102.25,38753.68,39044.35
16-Sep-20,39161.01,39359.51,39037.96,39302.85
17-Sep-20,39120.64,39234.81,38926.34,38979.85
18-Sep-20,39200.42,39200.42,38635.73,38845.82
21-Sep-20,38812.69,38990.76,37938.53,38034.14
22-Sep-20,38200.71,38209.97,37531.14,37734.08
23-Sep-20,38124.94,38140.07,37313.09,37668.42
24-Sep-20,37282.18,37304.26,36495.98,36553.6
25-Sep-20,36991.89,37471.17,36730.52,37388.66
28-Sep-20,37756.25,38035.87,37544.05,37981.63
29-Sep-20,38176.86,38235.94,37831.35,37973.22
30-Sep-20,38068.89,38236.34,37828.11,38067.93
01-Oct-20,38410.2,38738.89,38410.2,38697.05
05-Oct-20,38956.78,39263.85,38819.89,38973.7
06-Oct-20,39336.34,39623.76,39191.1,39574.57
07-Oct-20,39633.19,39968.04,39450.82,39878.95
08-Oct-20,40204.32,40468.88,40062.23,40182.67
09-Oct-20,40226.25,40585.36,40066.54,40509.49
12-Oct-20,40716.95,40905.49,40387.4,40593.8
13-Oct-20,40592.54,40786.82,40461.97,40625.51
14-Oct-20,40623.19,40880.25,40279.55,40794.74
15-Oct-20,41048.05,41048.05,39667.47,39728.41
16-Oct-20,39936.61,40125.71,39699.42,39982.98
19-Oct-20,40318.57,40519.48,40211.22,40431.6
20-Oct-20,40420.29,40732.01,40305.59,40544.37
21-Oct-20,40767.14,40976.02,40150.48,40707.31
22-Oct-20,40531.31,40721.57,40309.05,40558.49
23-Oct-20,40728.39,40811.12,40590.9,40685.5
26-Oct-20,40649.76,40724.4,39948.29,40145.5
27-Oct-20,40199.08,40555.6,39978.39,40522.1
28-Oct-20,40664.35,40664.35,39774.6,39922.46
29-Oct-20,39537.17,40010.83,39524.25,39749.85
30-Oct-20,39779.82,39988.25,39241.87,39614.07
02-Nov-20,39880.38,39968.03,39334.92,39757.58
03-Nov-20,39990.75,40354.73,39952.79,40261.13
04-Nov-20,40171.71,40693.51,40076.47,40616.14
05-Nov-20,41112.12,41370.91,41030.17,41340.16
06-Nov-20,41438.76,41954.93,41383.29,41893.06
09-Nov-20,42273.97,42645.33,42263.64,42597.43
10-Nov-20,42959.25,43316.44,42660.09,43277.65
11-Nov-20,43444.06,43708.47,42970.21,43593.67
12-Nov-20,43291.89,43543.96,43127.55,43357.19
13-Nov-20,43298.92,43522.25,43053.37,43443
14-Nov-20,43815.45,43830.93,43535.77,43637.98
17-Nov-20,44095.85,44161.16,43699.22,43952.71
18-Nov-20,43978.58,44215.49,43785.78,44180.05
19-Nov-20,43902.24,44230,43518.11,43599.96
20-Nov-20,43732.14,44013.02,43453.75,43882.25
23-Nov-20,44164.17,44271.15,43747.22,44077.15
24-Nov-20,44341.19,44601.63,44247.12,44523.02
25-Nov-20,44749.73,44825.37,43757.97,43828.1
26-Nov-20,43967.59,44361.78,43582.4,44259.74
27-Nov-20,44325.03,44407.28,43995.41,44149.72
01-Dec-20,44435.83,44730.79,44118.1,44655.44
02-Dec-20,44729.52,44729.64,44169.97,44618.04
03-Dec-20,44902.02,44953.01,44551.42,44632.65
04-Dec-20,44665.91,45148.28,44665.91,45079.55
07-Dec-20,45099.92,45458.92,45024.47,45426.97
08-Dec-20,45568.8,45742.23,45335.17,45608.51
09-Dec-20,45891.04,46164.1,45792.01,46103.5
10-Dec-20,45999.42,46043.97,45685.87,45959.88
11-Dec-20,46060.32,46309.63,45706.22,46099.01
14-Dec-20,46284.7,46373.34,45951.53,46253.46
15-Dec-20,46287.39,46350.3,45841.67,46263.17
16-Dec-20,46573.31,46704.97,46402.2,46666.46
17-Dec-20,46774.32,46992.57,46627.6,46890.34
18-Dec-20,47026.02,47026.02,46630.31,46960.69
21-Dec-20,46932.18,47055.69,44923.08,45553.96
22-Dec-20,45529.61,46080.18,45112.19,46006.69
23-Dec-20,46072.3,46513.32,45899.1,46444.18
24-Dec-20,46743.49,47053.4,46539.02,46973.54
28-Dec-20,47153.59,47406.72,47148.24,47353.75
29-Dec-20,47466.62,47714.55,47361.9,47613.08
30-Dec-20,47789.03,47807.85,47358.36,47746.22
31-Dec-20,47753.11,47896.97,47602.12,47751.33
01-Jan-21,47785.28,47980.36,47771.15,47868.98
04-Jan-21,48109.17,48220.47,47594.47,48176.8
05-Jan-21,48037.63,48486.24,47903.38,48437.78
06-Jan-21,48616.66,48616.66,47864.14,48174.06
07-Jan-21,48524.36,48558.34,48037.87,48093.32
08-Jan-21,48464.91,48854.34,48365.58,48782.51
11-Jan-21,49252.31,49303.79,48956.38,49269.32
12-Jan-21,49228.26,49569.14,49079.57,49517.11
13-Jan-21,49763.93,49795.19,49073.85,49492.32
14-Jan-21,49432.83,49663.58,49182.37,49584.16
15-Jan-21,49656.71,49656.71,48795.79,49034.67
18-Jan-21,49061.22,49122.23,48403.97,48564.27
19-Jan-21,48900.31,49499.86,48805.54,49398.29
20-Jan-21,49508.79,49874.42,49373.68,49792.12
21-Jan-21,50096.57,50184.01,49398.86,49624.76
22-Jan-21,49594.95,49676.88,48832.08,48878.54
25-Jan-21,49253.68,49263.15,48274.92,48347.59
27-Jan-21,48385.28,48387.25,47269.6,47409.93
28-Jan-21,46834.57,47172.02,46518.48,46874.36
29-Jan-21,47423.47,47423.66,46160.46,46285.77
01-Feb-21,46617.95,48764.4,46433.65,48600.61
02-Feb-21,49193.26,50154.48,49193.26,49797.72
03-Feb-21,50231.06,50526.39,49515.88,50255.75
04-Feb-21,50212.25,50687.51,49926.45,50614.29
05-Feb-21,51031.39,51073.27,50565.29,50731.63
08-Feb-21,51146.67,51523.38,51146.67,51348.77
09-Feb-21,51484.23,51835.86,51193.93,51329.08
10-Feb-21,51355.89,51512.86,50846.22,51309.39
11-Feb-21,51165.84,51592.45,51157.31,51531.52
12-Feb-21,51614.77,51804.58,51260.62,51544.3
15-Feb-21,51907.75,52235.97,51886.46,52154.13
16-Feb-21,52400.03,52516.76,51863.61,52104.17
17-Feb-21,51996.94,52078.15,51586.34,51703.83
18-Feb-21,51903.96,51903.96,51186.68,51324.69
19-Feb-21,51238.02,51432.99,50624.33,50889.76
22-Feb-21,50910.51,50986.03,49617.37,49744.32
23-Feb-21,49994.85,50327.31,49659.85,49751.41
24-Feb-21,49763.94,50881.17,49648.78,50781.69
25-Feb-21,51207.61,51386.12,50991.76,51039.31
26-Feb-21,50256.71,50400.31,48890.48,49099.99
01-Mar-21,49747.71,50058.42,49440.46,49849.84
02-Mar-21,50258.09,50439.82,49807.12,50296.89
03-Mar-21,50738.21,51539.89,50512.84,51444.65
04-Mar-21,50812.14,51256.55,50539.92,50846.08
05-Mar-21,50517.36,50886.19,50160.54,50405.32
08-Mar-21,50654.02,50985.77,50318.26,50441.07
09-Mar-21,50714.16,51111.94,50396.1,51025.48
10-Mar-21,51404.68,51430.43,51048.93,51279.51
12-Mar-21,51660.98,51821.84,50538.43,50792.08
15-Mar-21,50773.47,50834.78,49799.07,50395.08
16-Mar-21,50608.42,50857.98,50289.44,50363.96
17-Mar-21,50436.02,50561.12,49718.65,49801.62
18-Mar-21,50161.25,50296.35,48962.36,49216.52
19-Mar-21,48881.19,50003.58,48586.93,49858.24
22-Mar-21,49878.77,49878.77,49281.02,49771.29
23-Mar-21,49876.21,50264.65,49661.92,50051.44
24-Mar-21,49786.47,49854.58,49120.34,49180.31
25-Mar-21,49201.98,49247.95,48236.35,48440.12
26-Mar-21,48969.25,49234.66,48699.91,49008.5
30-Mar-21,49331.68,50268.45,49331.68,50136.58
31-Mar-21,50049.12,50050.32,49442.5,49509.15
01-Apr-21,49868.53,50092.48,49478.53,50029.83
05-Apr-21,50020.91,50028.67,48580.8,49159.32
06-Apr-21,49441.13,49582.26,48936.35,49201.39
07-Apr-21,49277.09,49900.13,49093.9,49661.76
08-Apr-21,49885.26,50118.08,49581.61,49746.21
09-Apr-21,49743.39,49906.91,49461.01,49591.32
12-Apr-21,48956.65,48956.65,47693.44,47883.38
13-Apr-21,47991.53,48627.43,47775.32,48544.06
15-Apr-21,48512.77,48887.85,48010.55,48803.68
16-Apr-21,48935.74,49089.55,48694.49,48832.03
19-Apr-21,47940.81,48020.79,47362.71,47949.42
20-Apr-21,48473.04,48478.34,47438.5,47705.8
22-Apr-21,47501.71,48143.16,47204.5,48080.67
23-Apr-21,47863.81,48265.39,47669.55,47878.45
26-Apr-21,48197.37,48667.98,48152.24,48386.51
27-Apr-21,48424.08,49009.26,48399.53,48944.14
28-Apr-21,49066.64,49801.48,49066.64,49733.84
29-Apr-21,50093.86,50375.77,49535.98,49765.94
30-Apr-21,49360.89,49569.42,48698.08,48782.36
03-May-21,48356.01,48863.23,48028.07,48718.52
04-May-21,48881.63,48996.53,48149.45,48253.51
05-May-21,48569.12,48742.72,48254.32,48677.55
06-May-21,48877.78,49011.31,48614.11,48949.76
07-May-21,49169.14,49417.64,49036.38,49206.47
10-May-21,49496.05,49617.47,49412.05,49502.41
11-May-21,49066.45,49304.47,48988.18,49161.81
12-May-21,49171.28,49171.28,48550.72,48690.8
14-May-21,48898.93,48898.93,48473.43,48732.55
17-May-21,48990.7,49628.42,48923.13,49580.73
18-May-21,49986.68,50313.25,49959.2,50193.33
19-May-21,50088.81,50279.01,49831.4,49902.64
20-May-21,49971.52,50099.17,49496.78,49564.86
21-May-21,49833.98,50591.12,49832.72,50540.48
24-May-21,50727.28,50857.59,50465.9,50651.9
25-May-21,50922.32,50961.35,50474.34,50637.53
26-May-21,50899.58,51072.61,50620.45,51017.52
27-May-21,51128.8,51282.9,50891.66,51115.22
28-May-21,51381.27,51529.32,51258.69,51422.88
31-May-21,51476.22,52013.22,51179.94,51937.44
01-Jun-21,52067.51,52228.65,51808.88,51934.88
02-Jun-21,51749.1,51913.92,51450.58,51849.48
03-Jun-21,52121.58,52273.23,51942.2,52232.43
04-Jun-21,52367.52,52389.02,51952.7,52100.05
07-Jun-21,52231.38,52378.69,52054.76,52328.51
08-Jun-21,52428.72,52432.43,52135.04,52275.57
09-Jun-21,52401.41,52446.92,51717.07,51941.64
10-Jun-21,52143.9,52346.35,51957.92,52300.47
11-Jun-21,52477.19,52641.53,52388.95,52474.76
14-Jun-21,52492.34,52590.92,51936.31,52551.53
15-Jun-21,52751.83,52869.51,52671.29,52773.05
16-Jun-21,52782.21,52816.31,52425.57,52501.98
17-Jun-21,52122.25,52523.88,52040.51,52323.33
18-Jun-21,52568.07,52586.41,51601.11,52344.45
21-Jun-21,51887.55,52629.18,51740.19,52574.46
22-Jun-21,52885.04,53057.11,52520.55,52588.71
23-Jun-21,52912.35,52912.35,52264.12,52306.08
24-Jun-21,52514.57,52830.68,52385.05,52699
25-Jun-21,52877.16,52973.07,52614.49,52925.04
28-Jun-21,53126.73,53126.73,52673.5,52735.59
29-Jun-21,52795.76,52816.42,52477.77,52549.66
30-Jun-21,52651.09,52875.92,52448.64,52482.71
01-Jul-21,52638.5,52638.5,52281.01,52318.6
02-Jul-21,52434.55,52527.9,52177.68,52484.67
05-Jul-21,52682.89,52919.17,52604.35,52880
06-Jul-21,52874.85,53129.37,52804.18,52861.18
07-Jul-21,52919.71,53105.41,52751.76,53054.76
08-Jul-21,53065.69,53103.03,52428.84,52568.94
09-Jul-21,52508.24,52555.73,52228.01,52386.19
12-Jul-21,52634.33,52700.51,52208.96,52372.69
13-Jul-21,52694.89,52806.86,52545.68,52769.73
14-Jul-21,52801.44,52978.58,52611.97,52904.05
15-Jul-21,52968.89,53266.12,52948.43,53158.85
16-Jul-21,53244.4,53290.81,52997.09,53140.06
19-Jul-21,52606.99,52821.17,52405.89,52553.4
20-Jul-21,52432.88,52465.03,52013.51,52198.51
22-Jul-21,52494.56,52867.26,52471.23,52837.21
23-Jul-21,52967.87,53114.7,52653.77,52975.8
26-Jul-21,52985.26,53103.42,52783.63,52852.27
27-Jul-21,52995.72,53024.7,52433.18,52578.76
28-Jul-21,52673.69,52673.69,51802.73,52443.71
29-Jul-21,52693.53,52777.18,52561.39,52653.07
30-Jul-21,52792.36,52910.23,52533.91,52586.84
02-Aug-21,52901.28,52986.77,52804.08,52950.63
03-Aug-21,53125.97,53887.98,53088.35,53823.36
04-Aug-21,54071.22,54465.91,54034.31,54369.77
05-Aug-21,54576.64,54717.24,54230.89,54492.84
06-Aug-21,54492.17,54633.58,54210.33,54277.72
09-Aug-21,54385.71,54584.73,54124.27,54402.85
10-Aug-21,54461.31,54779.66,54308.77,54554.66
11-Aug-21,54730.65,54758.74,54167.2,54525.93
12-Aug-21,54641.22,54874.1,54536.65,54843.98
13-Aug-21,54911.95,55487.79,54905.49,55437.29
16-Aug-21,55479.74,55680.75,55281.02,55582.58
17-Aug-21,55565.64,55854.88,55386.49,55792.27
18-Aug-21,56073.31,56118.57,55514.89,55629.49
20-Aug-21,55159.13,55543.16,55013.98,55329.32
23-Aug-21,55695.84,55781.17,55240.29,55555.79
24-Aug-21,55647.11,56023.22,55536.84,55958.98
25-Aug-21,56067.06,56198.13,55899.96,55944.21
26-Aug-21,55988.41,56112.39,55854.07,55949.1
27-Aug-21,55862.93,56188.23,55675.87,56124.72
30-Aug-21,56329.25,56958.27,56309.86,56889.76
31-Aug-21,56995.15,57625.26,56859.1,57552.39
01-Sep-21,57763.53,57918.71,57263.9,57338.21
02-Sep-21,57423.65,57892.37,57287.79,57852.54
03-Sep-21,57983.45,58194.79,57764.07,58129.95
06-Sep-21,58411.62,58515.85,58200.29,58296.91
07-Sep-21,58418.69,58553.07,58005.07,58279.48
08-Sep-21,58350.56,58372.94,57924.48,58250.26
09-Sep-21,58172.98,58334.59,58084.99,58305.07
13-Sep-21,58262.11,58314.64,57944.63,58177.76
14-Sep-21,58482.62,58482.62,58214.29,58247.09
15-Sep-21,58354.11,58777.06,58272.82,58723.2
16-Sep-21,58881.04,59204.29,58700.5,59141.16
17-Sep-21,59409.98,59737.32,58871.73,59015.89
20-Sep-21,58634.69,59202.56,58389.69,58490.93
21-Sep-21,58630.06,59084.51,58232.54,59005.27
22-Sep-21,59166.15,59178.44,58878.38,58927.33
23-Sep-21,59358.18,59957.25,59243.15,59885.36
24-Sep-21,60158.76,60333,59946.55,60048.47
27-Sep-21,60303.79,60412.32,59887.19,60077.88
28-Sep-21,60285.89,60288.44,59045.53,59667.6
29-Sep-21,59296.54,59678.66,59111.41,59413.27
30-Sep-21,59549.57,59557.24,59019.28,59126.36
01-Oct-21,58889.77,58890.08,58551.14,58765.58
04-Oct-21,59143,59548.82,58952.11,59299.32
05-Oct-21,59320.14,59778.87,59127.04,59744.88
06-Oct-21,59942,59963.57,59079.86,59189.73
07-Oct-21,59632.81,59914.91,59597.06,59677.83
08-Oct-21,59960.39,60212.3,59830.93,60059.06
11-Oct-21,60099.68,60476.13,59811.42,60135.78
12-Oct-21,60045.75,60331.74,59885.39,60284.31
13-Oct-21,60619.91,60836.63,60452.29,60737.05
14-Oct-21,61088.82,61353.25,60978.04,61305.95
18-Oct-21,61817.32,61963.07,61624.65,61765.59
19-Oct-21,62156.48,62245.43,61594.29,61716.05
20-Oct-21,61800.07,61880.36,61109.29,61259.96
21-Oct-21,61557.94,61621.2,60485.65,60923.5
22-Oct-21,61044.54,61420.13,60551.15,60821.62
25-Oct-21,61398.75,61404.99,60449.68,60967.05
26-Oct-21,60997.9,61497.71,60791.29,61350.26
27-Oct-21,61499.7,61576.85,60989.39,61143.33
28-Oct-21,61081,61081,59777.58,59984.7
29-Oct-21,59857.33,60132.81,59089.37,59306.93
01-Nov-21,59577.48,60220.21,59355.12,60138.46
02-Nov-21,60360.61,60421.14,59881.75,60029.06
03-Nov-21,60275.21,60361.82,59552.49,59771.92
04-Nov-21,60207.97,60207.97,60011.46,60067.62
08-Nov-21,60385.76,60609.16,59779.19,60545.61
09-Nov-21,60609.72,60670.47,60213.64,60433.45
10-Nov-21,60295.26,60506.5,59967.45,60352.82
11-Nov-21,60291.7,60293.25,59656.26,59919.69
12-Nov-21,60248.04,60750.72,59997.96,60686.69
15-Nov-21,60837.4,61036.56,60597.36,60718.71
16-Nov-21,60755.38,60802.79,60199.56,60322.37
17-Nov-21,60179.93,60426.61,59944.77,60008.33
18-Nov-21,59968.75,60177.52,59376.5,59636.01
22-Nov-21,59710.48,59778.37,58011.92,58465.89
23-Nov-21,57983.95,58834.95,57718.34,58664.33
24-Nov-21,58839.32,58968.12,58143.44,58340.99
25-Nov-21,58363.93,58901.58,58143.86,58795.09
26-Nov-21,58254.79,58254.79,56993.89,57107.15
29-Nov-21,57028.04,57626.51,56382.93,57260.58
30-Nov-21,57272.08,58183.77,56867.51,57064.87
01-Dec-21,57365.85,57846.45,57346.78,57684.79
02-Dec-21,57781.48,58513.93,57680.41,58461.29
03-Dec-21,58555.58,58757.09,57640.57,57696.46
06-Dec-21,57778.01,57781.46,56687.62,56747.14
07-Dec-21,57125.98,57905.63,56992.27,57633.65
08-Dec-21,58158.56,58702.65,58122.27,58649.68
09-Dec-21,58831.41,58889.96,58340.85,58807.13
10-Dec-21,58696.71,58859.91,58414.76,58786.67
13-Dec-21,59103.72,59203.37,58242.8,58283.42
14-Dec-21,58059.76,58322.42,57803.87,58117.09
15-Dec-21,58122,58218.25,57671.61,57788.03
16-Dec-21,58243.43,58337.2,57683.11,57901.14
17-Dec-21,58021.63,58062.28,56950.98,57011.74
20-Dec-21,56517.26,56538.15,55132.68,55822.01
21-Dec-21,56320.02,56900.74,56047.22,56319.01
22-Dec-21,56599.47,56989.01,56471.03,56930.56
23-Dec-21,57251.15,57490.52,57146.28,57315.28
24-Dec-21,57567.11,57623.69,56813.42,57124.31
27-Dec-21,56948.33,57512.01,56543.08,57420.24
28-Dec-21,57751.21,57952.48,57650.29,57897.48
29-Dec-21,57892.31,58097.07,57684.58,57806.49
30-Dec-21,57755.4,58010.03,57578.99,57794.32
31-Dec-21,57849.76,58409.3,57846.52,58253.82
03-Jan-22,58310.09,59266.39,58306.45,59183.22
04-Jan-22,59343.79,59937.33,59084.4,59855.93
05-Jan-22,59921.98,60332.72,59661.38,60223.15
06-Jan-22,59731.75,59781.86,59290.58,59601.84
07-Jan-22,59776.1,60130.18,59401.44,59744.65
10-Jan-22,60070.39,60427.36,59987.18,60395.63
11-Jan-22,60342.7,60689.25,60281.52,60616.89
12-Jan-22,61014.37,61218.19,60850.93,61150.04
13-Jan-22,61259.99,61348.57,60949.81,61235.3
14-Jan-22,61040.32,61324.59,60757.03,61223.03
17-Jan-22,61219.64,61385.48,61107.6,61308.91
18-Jan-22,61430.77,61475.15,60662.57,60754.86
19-Jan-22,60845.59,60870.17,59949.22,60098.82
20-Jan-22,60045.48,60045.48,59068.31,59464.62
21-Jan-22,59039.37,59329.63,58620.93,59037.18
24-Jan-22,59023.97,59023.97,56984.01,57491.51
25-Jan-22,57158.63,57966.93,56409.63,57858.15
27-Jan-22,57317.38,57508.61,56439.36,57276.94
28-Jan-22,57795.11,58084.33,57119.28,57200.23
31-Jan-22,57845.91,58257.63,57746.15,58014.17
01-Feb-22,58672.86,59032.2,57737.66,58862.57
02-Feb-22,59293.44,59618.51,59193.05,59558.33
03-Feb-22,59528.16,59557.87,58653.94,58788.02
04-Feb-22,58918.65,58943.62,58446.95,58644.82
07-Feb-22,58549.67,58707.76,57299.05,57621.19
08-Feb-22,57799.67,57925.82,57058.77,57808.58
09-Feb-22,58163.01,58507.61,58105.18,58465.97
10-Feb-22,58810.53,59060.24,58332.28,58926.03
11-Feb-22,58447.15,58447.15,57914.1,58152.92
14-Feb-22,56720.32,57191.91,56295.7,56405.84
15-Feb-22,56731.56,58211.38,56438.47,58142.05
16-Feb-22,58310.68,58569.22,57780.28,57996.68
17-Feb-22,58217.69,58346,57635.43,57892.01
18-Feb-22,57488.39,58175.35,57488.39,57832.97
21-Feb-22,57551.65,58141.96,57167.02,57683.59
22-Feb-22,56438.64,57505.85,56394.85,57300.68
23-Feb-22,57632.94,57733.37,57109.24,57232.06
24-Feb-22,55418.45,55996.09,54383.2,54529.91
25-Feb-22,55321.72,56183.7,55299.28,55858.52
28-Feb-22,55329.46,56324.54,54833.5,56247.28
02-Mar-22,55629.3,55755.09,55020.1,55468.9
03-Mar-22,55921.44,55996.62,54931.48,55102.68
04-Mar-22,54653.59,55013.27,53887.72,54333.81
07-Mar-22,53172.51,53203.87,52367.1,52842.75
08-Mar-22,52430.06,53484.26,52260.82,53424.09
09-Mar-22,53793.99,54893.73,53367.52,54647.33
10-Mar-22,56242.47,56242.47,54982.82,55464.39
11-Mar-22,55218.78,55833.95,55049.95,55550.3
14-Mar-22,55614.4,56545.83,55556.47,56486.02
15-Mar-22,56663.87,56720.6,55418.95,55776.85
16-Mar-22,56555.33,56860.89,56389.26,56816.65
17-Mar-22,57620.28,58095.84,57518.06,57863.93
21-Mar-22,58030.41,58127.95,57229.08,57292.49
22-Mar-22,57297.57,58052.87,56930.3,57989.3
23-Mar-22,58198.64,58416.56,57568.59,57684.82
24-Mar-22,57190.05,57827.99,57138.51,57595.68
25-Mar-22,57801.72,57845.37,57100.24,57362.2
28-Mar-22,57472.72,57638.34,56825.09,57593.49
29-Mar-22,57814.76,58001.53,57639.35,57943.65
30-Mar-22,58362.85,58727.78,58176,58683.99
31-Mar-22,58779.71,58890.92,58485.79,58568.51
01-Apr-22,58530.73,59396.62,58450.04,59276.69
04-Apr-22,59764.13,60845.1,59760.22,60611.74
05-Apr-22,60786.07,60786.07,60067.18,60176.5
06-Apr-22,59815.71,59941.57,59509.84,59610.41
07-Apr-22,59402.61,59504.92,58977.35,59034.95
08-Apr-22,59256.97,59654.44,58876.36,59447.18
11-Apr-22,59333.18,59355.76,58894.4,58964.57
12-Apr-22,58743.5,58794.78,58298.57,58576.37
13-Apr-22,58910.74,59003.82,58291.23,58338.93
18-Apr-22,57338.58,57420.8,56842.39,57166.74
19-Apr-22,57381.77,57464.08,56009.07,56463.15
20-Apr-22,56741.43,57216.51,56521.33,57037.5
21-Apr-22,57458.6,57991.53,57311.86,57911.68
22-Apr-22,57531.95,57689.86,57134.72,57197.15
25-Apr-22,56757.64,56875.65,56356.87,56579.89
26-Apr-22,57066.24,57442.24,56904.51,57356.61
27-Apr-22,56983.68,57079.03,56584.04,56819.39
28-Apr-22,57296.31,57790.85,56936.94,57521.06
29-Apr-22,57817.51,57975.48,56902.3,57060.87
02-May-22,56429.45,57054.23,56412.62,56975.99
04-May-22,57124.91,57184.21,55501.6,55669.03
05-May-22,56255.07,56566.8,55613.82,55702.23
06-May-22,54928.29,55070.12,54586.75,54835.58
09-May-22,54188.21,54795.47,53918.02,54470.67
10-May-22,54309.31,54857.02,54226.33,54364.85
11-May-22,54544.91,54598.55,53519.3,54088.39
12-May-22,53608.35,53632.55,52702.3,52930.31
13-May-22,53565.74,53785.71,52654.89,52793.62
16-May-22,52946.32,53428.28,52632.48,52973.84
17-May-22,53285.19,54399.42,53176.02,54318.47
18-May-22,54554.89,54786,54130.89,54208.53
19-May-22,53070.3,53356.04,52669.51,52792.23
20-May-22,53513.97,54396.43,53403.29,54326.39
23-May-22,54459.95,54931.3,54191.55,54288.61
24-May-22,54307.56,54524.37,53886.28,54052.61
25-May-22,54254.07,54379.59,53683.16,53749.26
26-May-22,53950.84,54346.22,53425.25,54252.53
27-May-22,54671.5,54936.63,54449.34,54884.66
30-May-22,55507.75,56082.65,55466.3,55925.74
31-May-22,55622.01,55925.62,55369.14,55566.41
01-Jun-22,55588.27,55791.49,55091.43,55381.17
02-Jun-22,55382.44,55891.92,55135.11,55818.11
03-Jun-22,56245.6,56432.65,55719.36,55769.23
06-Jun-22,55610.64,55832.28,55295.74,55675.32
07-Jun-22,55373.18,55387.77,54882.41,55107.34
08-Jun-22,55345.51,55423.97,54683.3,54892.49
09-Jun-22,54514.17,55366.84,54507.41,55320.28
10-Jun-22,54760.25,54780.78,54205.99,54303.44
13-Jun-22,53184.61,53207.54,52527.08,52846.7
14-Jun-22,52495.94,53095.32,52459.48,52693.57
15-Jun-22,52650.41,52867.73,52493.36,52541.39
16-Jun-22,53018.91,53142.5,51425.48,51495.79
17-Jun-22,51181.99,51652.83,50921.22,51360.42
20-Jun-22,51470.03,51714.61,51062.93,51597.84
21-Jun-22,51897.6,52799.4,51808.76,52532.07
22-Jun-22,52186.36,52272.85,51739.98,51822.53
23-Jun-22,51972.75,52516.79,51632.85,52265.72
24-Jun-22,52654.24,52909.87,52447.25,52727.98
27-Jun-22,53468.89,53509.5,53120.79,53161.28
28-Jun-22,52846.26,53301.4,52771.53,53177.45
29-Jun-22,52623.15,53244.84,52612.68,53026.97
30-Jun-22,52897.16,53377.54,52883.25,53018.94
01-Jul-22,52863.34,53053.04,52094.25,52907.93
04-Jul-22,52851.67,53301.99,52674.81,53234.77
05-Jul-22,53501.21,53865.93,53054.3,53134.35
06-Jul-22,53170.7,53819.31,53143.28,53750.97
07-Jul-22,54146.68,54254.79,53927.26,54178.46
08-Jul-22,54574.43,54627.14,54278.77,54481.84
11-Jul-22,54248.6,54527.9,54090.53,54395.23
12-Jul-22,54219.78,54236.49,53824.97,53886.61
13-Jul-22,54210.1,54211.22,53455.26,53514.15
14-Jul-22,53688.62,53861.28,53163.77,53416.15
15-Jul-22,53637.88,53811.37,53361.62,53760.78
18-Jul-22,54069.3,54556.66,54034.97,54521.15
19-Jul-22,54251.88,54817.52,54232.82,54767.62
20-Jul-22,55486.12,55630.26,55298.23,55397.53
21-Jul-22,55391.93,55738.49,55270.75,55681.95
22-Jul-22,55800.84,56186.05,55685.45,56072.23
25-Jul-22,55877.5,56018.09,55537.08,55766.22
26-Jul-22,55834.38,55834.38,55203.43,55268.49
27-Jul-22,55258.29,55853.09,55157.99,55816.32
28-Jul-22,56267.55,56914.22,56236.45,56857.79
29-Jul-22,57258.13,57619.27,57104.81,57570.25
01-Aug-22,57823.1,58170.67,57540.36,58115.5
02-Aug-22,58049.02,58328.41,57744.7,58136.36
03-Aug-22,58174.11,58415.63,57788.78,58350.53
04-Aug-22,58571.28,58712.66,57577.05,58298.8
05-Aug-22,58421.04,58649.19,58244.86,58387.93
08-Aug-22,58417.71,58934.9,58266.65,58853.07
10-Aug-22,58977.34,58984.32,58583.36,58817.29
11-Aug-22,59320.45,59484.99,59251.14,59332.6
12-Aug-22,59235.98,59538.08,59113.01,59462.78
16-Aug-22,59675.12,59923.03,59673.96,59842.21
17-Aug-22,59938.05,60323.25,59857.8,60260.13
18-Aug-22,60080.19,60341.41,59946.44,60298
19-Aug-22,60351.23,60411.2,59474.57,59646.15
22-Aug-22,59361.08,59402.5,58705.11,58773.87
23-Aug-22,58205.97,59199.11,58172.48,59031.3
24-Aug-22,58853.32,59170.87,58760.09,59085.43
25-Aug-22,59315.98,59484.35,58666.41,58774.72
26-Aug-22,59050.67,59321.65,58722.69,58833.87
29-Aug-22,57367.47,58208.3,57367.47,57972.62
30-Aug-22,58259.85,59599.78,58245.49,59537.07
01-Sep-22,58710.53,59309.79,58522.57,58766.59
02-Sep-22,58969.02,59108.66,58558.64,58803.33
05-Sep-22,58814.08,59308.25,58812.2,59245.98
06-Sep-22,59285.36,59566.67,58974.26,59196.99
07-Sep-22,58789.26,59166.46,58722.89,59028.91
08-Sep-22,59374.99,59711.96,59315.71,59688.22
09-Sep-22,60045.75,60119.8,59634.39,59793.14
12-Sep-22,59912.29,60284.55,59912.29,60115.13
13-Sep-22,60408.29,60635.28,60381.02,60571.08
14-Sep-22,59417.12,60649.04,59417.12,60346.97
15-Sep-22,60454.37,60676.12,59865.75,59934.01
16-Sep-22,59585.72,59720.56,58687.17,58840.79
19-Sep-22,58747.31,59277.55,58487.76,59141.23
20-Sep-22,59556.91,60105.79,59556.91,59719.74
21-Sep-22,59504.14,59799.04,59275.4,59456.78
22-Sep-22,59073.84,59457.58,58832.78,59119.72
23-Sep-22,59005.18,59143.32,57981.95,58098.92
26-Sep-22,57525.03,57708.38,57038.24,57145.22
27-Sep-22,57376.52,57704.57,56950.52,57107.52
28-Sep-22,56710.13,57213.33,56485.67,56598.28
29-Sep-22,56997.9,57166.14,56314.05,56409.96
30-Sep-22,56240.15,57722.63,56147.23,57426.92
03-Oct-22,57403.92,57454.84,56683.4,56788.81
04-Oct-22,57506.65,58099.94,57506.65,58065.47
06-Oct-22,58314.05,58578.76,58173.7,58222.1
07-Oct-22,58092.56,58269.34,57851.15,58191.29
10-Oct-22,57424.07,58125.01,57365.68,57991.11
11-Oct-22,58004.25,58027.52,57050.4,57147.32
12-Oct-22,57312.49,57687.64,57085.92,57625.91
13-Oct-22,57512.74,57568.14,57055.75,57235.33
14-Oct-22,58162.74,58435.12,57848.23,57919.97
17-Oct-22,57752.5,58449,57639.8,58410.98
18-Oct-22,58744.13,59143.66,58744.13,58960.6
19-Oct-22,59196.96,59399.69,58961.77,59107.19
20-Oct-22,58824.48,59273.85,58791.28,59202.9
21-Oct-22,59381.36,59590.93,59132.94,59307.15
24-Oct-22,59804.02,59994.25,59776.66,59831.66
25-Oct-22,60002.96,60081.24,59489.02,59543.96
27-Oct-22,59792.32,59959.94,59496.8,59756.84
28-Oct-22,59746.8,60133.17,59739.05,59959.85
31-Oct-22,60246.96,60786.7,60246.96,60746.59
01-Nov-22,61065.58,61289.73,60868.69,61121.35
02-Nov-22,61156.89,61209.65,60794.39,60906.09
03-Nov-22,60511.57,60994.37,60485.14,60836.41
04-Nov-22,60698.27,61004.49,60666.01,60950.36
07-Nov-22,61188.13,61401.54,60714.36,61185.15
09-Nov-22,61304.29,61447.23,60905.15,61033.55
10-Nov-22,60524.27,60848.73,60425.47,60613.7
11-Nov-22,61311.02,61840.97,61311.02,61795.04
14-Nov-22,61765.86,61916.24,61572.03,61624.15
15-Nov-22,61630.05,61955.96,61436.9,61872.99
16-Nov-22,61708.63,62052.57,61708.63,61980.72
17-Nov-22,61812.36,62050.8,61643.27,61750.6
18-Nov-22,61858.2,61929.88,61337.43,61663.48
21-Nov-22,61456.33,61456.33,61059.33,61144.84
22-Nov-22,61126.56,61466.63,61073.68,61418.96
23-Nov-22,61779.71,61780.9,61442.69,61510.58
24-Nov-22,61656,62412.33,61600.42,62272.68
25-Nov-22,62327.88,62447.73,62115.66,62293.64
28-Nov-22,62016.35,62701.4,61959.74,62504.8
29-Nov-22,62362.08,62887.4,62362.08,62681.84
30-Nov-22,62743.47,63303.01,62648.38,63099.65
01-Dec-22,63357.99,63583.07,63183.77,63284.19
02-Dec-22,62978.58,63148.59,62679.63,62868.5
05-Dec-22,62865.28,62939.63,62507.88,62834.6
06-Dec-22,62395.55,62677.84,62390.07,62626.36
07-Dec-22,62615.52,62759.97,62316.65,62410.68
08-Dec-22,62504.04,62633.56,62320.18,62570.68
09-Dec-22,62690.86,62735.42,61889.11,62181.67
12-Dec-22,61770.56,62239.42,61676.15,62130.57
13-Dec-22,62300.67,62567.92,62129.57,62533.3
14-Dec-22,62685.94,62835.11,62591.28,62677.91
15-Dec-22,62530.07,62624.81,61715.61,61799.03
16-Dec-22,61534.24,61893.22,61292.53,61337.81
19-Dec-22,61405.8,61844.92,61265.31,61806.19
20-Dec-22,61608.85,61780.37,61102.68,61702.29
21-Dec-22,61993.71,62006.46,60938.38,61067.24
22-Dec-22,61257.17,61464.38,60637.24,60826.22
23-Dec-22,60205.56,60546.88,59765.56,59845.29
26-Dec-22,59755.08,60833.78,59754.1,60566.42
27-Dec-22,60861.41,60986.68,60405.66,60927.43
28-Dec-22,60811.52,61075.33,60713.77,60910.28
29-Dec-22,60628.29,61210.65,60479.06,61133.88
30-Dec-22,61329.16,61392.68,60743.71,60840.74
